"CURRENT_LAND_VALUE","PREVIOUS_LAND_VALUE","PREVIOUS_IMPROVEMENT_VALUE","YEAR_BUILT"
435000,427000,237000,2013
2125000,2109000,185000,1988
455000,449000,129000,1993
2971000,3235000,1395000,2014
743000,722000,239000,2020
341000,343000,84600,1991
3800000,3823000,736000,1986
497000,464000,123000,1996
1574000,1448000,56300,1965
842000,827000,142000,1986
3808000,3808000,660000,1950
1283000,1235000,603000,2013
659000,672000,216000,2014
588000,533000,77300,1976
15724000,15724000,18710000,1910
615000,627000,324000,2019
1506000,1384000,306000,1994
656000,658000,114500,1948
471000,427000,155000,1997
1574000,1577000,39100,1946
422000,436000,80100,2014
2200000,2020000,882000,2008
2216000,2748000,1028000,2002
398000,364000,25200,1974
576000,549000,264000,2004
3454000,3661000,249000,1924
276000,265000,99900,2006
1400000,1227000,90500,1974
306000,240000,76700,1999
445000,447000,178000,2014
1758000,1511000,18400,1912
1582000,1690000,417000,2006
205944,188000,136000,1994
550000,601000,316000,2007
1459000,1540000,75900,1953
477000,448000,66000,1974
427000,529000,242000,1992
385000,343000,291000,2020
1168000,991000,39500,1954
386000,446000,256000,1998
673000,628000,313000,1990
1180000,1047000,286000,2011
2144000,2046000,82200,1975
2832000,2772000,339000,1926
446000,434000,176000,1995
1106000,1305000,477000,2017
414000,372000,187000,2006
366000,385931,128000,1994
1503000,1274000,76300,1922
1712000,1636000,40100,1947
307000,297000,146000,2005
3029000,2848000,222000,1925
1149000,1288000,169000,1995
1111000,1095000,432000,1997
1234000,1383000,244000,2007
739000,943000,568000,2010
2118000,2116000,35100,1918
426000,450000,108000,1992
352000,412000,195000,2004
802000,753000,435000,1995
529000,540000,249000,2004
486000,546000,162000,1994
439000,409000,51100,1978
3287000,3080000,114000,1966
4261000,4062000,511000,1934
2260000,2051000,19900,1927
1544000,1467000,29900,1921
597000,559000,42200,1975
487000,511000,270000,2010
1240000,1087000,232000,1992
381000,379000,67500,1975
866000,927000,174000,1998
319000,322000,165000,2012
14915000,17567000,12400,1989
676000,592000,171000,2018
697000,711000,152000,2000
1365000,1203000,334000,2002
539000,476000,95600,1974
1083000,1068000,253000,2017
334000,308000,44700,1971
25947000,34910000,31536000,1985
2330000,2248000,223000,1987
4033000,3318000,1927000,2010
107000,78033,71800,2000
992000,1168000,29000,1951
71400,116000,54900,2000
1768000,1921000,109000,1938
1110000,1055000,224000,1994
1502000,1292000,136000,1965
1694000,1791000,225000,1988
681000,617000,397000,2014
2018000,1858000,43100,1949
366000,352000,53600,1980
1199000,1306123,363000,2017
538000,556000,158000,1997
1373000,1234000,244000,2001
2834000,3295000,10000,1952
478000,453000,149000,2014
1588000,1475000,83900,1967
1462000,1445000,141000,1928
1930000,1898000,460000,2000
1050000,893000,173000,1996
330000,384000,267000,2000
1814000,1840000,169000,1984
2121000,2525000,12200,1939
1014000,932000,157000,1980
1602000,1707000,663000,2014
1503000,1441000,637000,2008
605000,579000,191000,2006
886000,907000,316000,2013
534000,589000,153000,2004
544000,610000,204000,1991
2816000,3056000,69300,1910
347000,359000,95400,2005
459000,415000,203000,1986
623000,604637,53800,1974
2306000,2610000,397000,1928
2616000,3110000,368000,1991
447000,447000,215000,2013
933000,851000,295000,2020
635000,648112,36400,1974
459000,454000,140000,2012
30417000,36790000,69500,1977
1074000,1146000,465000,2000
2791000,2534000,400000,1938
364000,322000,145000,2000
1507000,1466000,64900,1966
385000,440000,50100,2015
890000,848000,56500,1977
1261000,1155000,73700,1972
1840000,1575000,26200,1955
3326000,3344000,1807000,2020
865000,906000,384000,1997
392000,365000,240000,1988
3050000,2657000,160000,1913
1485000,1440000,322000,1987
2673000,2864000,32300,1927
4078000,4119000,1658000,2017
2103000,2239000,106000,1973
511000,462000,45000,1976
332000,343000,166000,2018
794000,798000,204000,1998
2180000,2298000,30100,1910
448000,455000,178000,1999
410000,418000,225000,1995
2838000,3104000,673000,1998
452000,482000,144000,2015
544000,545000,235000,1994
1047000,1118000,325000,2003
1351000,1318000,164000,1912
978000,884000,171000,1993
28200,27800,2100,1998
1487000,1560000,40000,1964
847000,868000,273000,2020
549000,488000,106000,1990
528000,445000,295000,2000
1621000,1769000,435000,1988
3150000,3150000,223000,1926
520000,477000,313000,2005
325000,305000,89700,2005
777000,848000,392000,2016
1015000,1149000,273000,2021
333000,422000,163000,2015
1622000,1646000,40800,1952
481000,544000,156000,1982
478000,447000,159000,1992
1304000,1499000,27400,1950
551000,510000,291000,2020
3466000,3356000,412000,1927
919000,849000,203000,1989
1489000,1343000,146000,1948
565000,582000,274000,1998
401000,4e+05,179000,2005
645000,601000,319000,2008
545000,533000,215000,2005
2008000,2094000,155000,1912
340000,339000,259000,2009
627000,611000,259000,2005
674000,651000,368000,2008
2908000,2934000,644000,1912
1725000,1835000,57900,1910
1139000,1112000,407000,2015
2146000,2174000,65200,1962
1693000,1470000,417000,2000
597000,626000,245000,2005
181000,167000,76100,1994
1725000,1472000,299000,1979
1183961,1033000,269000,1997
473000,479000,33100,1973
2205000,2094814,398000,1948
2808000,2415000,1301000,2014
813000,776000,243000,2005
2689000,2664000,512000,1994
1676000,1782000,62700,1974
1663000,1675000,41900,1957
566000,550000,160000,1995
1807000,1727000,341000,2013
1426000,1120000,394000,2008
1487000,1560000,49000,1962
1170000,973000,130000,1983
467000,440000,199000,2015
395000,419000,49100,1977
603000,645000,227000,2007
646000,633576,330000,1986
2277000,2138000,353000,1992
2194000,2200000,20100,1927
1675000,1620000,72400,1941
1740000,1829000,261000,1910
486000,527000,216000,2009
1671000,1643000,163000,1984
757000,807000,234000,2009
106000,147000,109000,1999
670000,634000,302000,1993
1272000,1155000,85100,1913
10417000,10417000,27600,1952
1033000,1222000,24200,1913
1816000,1808000,51400,1957
1935000,1803000,432000,2015
1774000,1716000,44200,1956
878000,814000,329000,2009
804000,762000,153000,2021
1207000,1301000,581000,2016
1647000,1499000,174000,1912
2722000,2519000,20500,1941
627000,561000,253000,1988
360106,336400,38400,1998
471000,469000,260000,1989
1311000,1263000,113000,1986
1171000,1286000,98600,1979
1550000,1508000,41100,1942
445000,442000,171000,2006
397000,331000,116000,1981
369000,423000,197000,2012
1547000,1434000,577000,2015
628000,560000,110000,1983
1487000,1273000,326000,2003
2485000,2138000,1147000,2004
1560000,1553000,35700,1930
5e+05,518000,244000,1996
3853489,3936000,1300000,1977
537658,484000,207000,1998
804000,708000,411000,1996
601000,608000,461000,2017
407000,375000,117000,1982
3944000,3911000,2027000,2014
589000,474000,310000,1994
114933000,116686000,96100,1928
4611000,4501000,594000,1926
2084000,2180000,522000,1990
2526000,2391000,16100,1953
2693000,2497000,401000,2002
529000,543000,161000,2019
1707000,1836000,37100,1955
1573000,1324000,323000,2006
1578000,1548000,113000,1908
696000,686000,140000,2001
713000,734000,131000,1912
428000,373000,206000,2013
1008000,1044000,406000,1997
131000,131000,10900,1910
889000,888000,362000,1991
469000,476894,203000,2007
189561,194000,116000,1999
431000,433000,130000,2006
485000,475000,151000,2006
5e+05,552000,252000,2007
1419000,1220000,488000,2020
434000,443000,282000,1989
1668000,1381000,356000,1996
1011000,1025000,276000,2002
629000,599000,217000,1999
5e+05,517000,223000,2005
399000,377000,152000,2008
819000,895000,324000,2003
1200000,1400000,131000,1971
509000,411000,401000,1994
589000,675000,226000,1995
451000,465000,139000,2009
3618000,3102000,415000,1983
616000,705000,289000,2014
2839000,2847000,364000,1990
209000,2e+05,222000,1995
1320000,1491000,122000,1980
3116000,3138000,542000,1995
368000,381000,119000,2012
578000,660000,116000,1976
370000,399000,130000,1974
2184000,1966000,103000,1910
362000,329000,146000,1995
2998000,2830000,230000,1928
383000,385000,112000,1997
1581000,1366000,441000,1992
285000,251000,211000,1999
773000,766000,94600,1982
12039000,12803000,600,1986
1767000,1727000,78800,1968
5084000,4920000,202000,1950
661000,697000,187000,2006
1074000,1007000,268000,2000
683000,635000,381000,1986
1298000,1414000,65900,1946
818000,825000,210000,2018
1933000,1693000,835000,2011
606000,659000,179000,2010
1314000,1196000,28600,1926
692000,669000,304000,2019
393000,419000,129000,1993
2710000,2583000,504000,1994
590000,572000,321000,2010
1789000,1760000,104000,1911
1196000,1293000,155000,1990
1127000,1165000,315000,1990
1230622,1064000,147000,2000
662000,695000,253000,2016
1483000,1539000,185000,1988
2203000,1850000,123000,1973
1482000,1591000,25400,1910
1244000,1067000,554000,1940
1602000,1686000,310000,1994
1504000,1507000,323000,1997
1241000,1157000,316000,2017
368000,335000,218000,2017
469000,493000,143000,1998
831000,908000,179000,1986
1753000,1845000,283000,1955
387000,396000,79100,1976
4935000,4877000,756000,1987
2065000,2047000,45200,1959
11092000,11774000,28500,1973
1105000,956000,44500,1982
20900,18800,7100,2008
1721000,1733000,269000,1992
316000,291000,50100,1983
1905000,1735000,40100,1961
2934000,2129000,516000,1997
593000,558000,70800,1984
2174000,2098000,542000,1996
690000,664000,323000,1993
689000,819000,220000,1995
417000,398000,254000,2015
1087000,1065000,221000,1980
1544000,1608000,481000,2007
1062000,1215000,371000,1910
1670000,1887000,137000,1908
2009000,1812000,189000,1983
1453000,1503000,46500,1934
411000,362000,247000,2018
2051000,1863000,443000,1925
1418000,1613000,86400,1965
1151000,1346000,404000,2017
518000,487000,180000,1995
816000,773000,304000,1983
2186000,1954000,80900,1938
574000,528000,193000,2012
1838000,1653000,346000,1997
647000,740000,254000,1987
639000,560000,203000,2015
101000,113000,100000,1971
4520000,5254000,1091000,1997
454000,466000,96500,1993
420000,441000,181000,1998
424000,393000,89000,1982
1943000,1902000,656000,2008
1467000,1467000,309000,1996
1336000,1277000,351000,2002
940000,945000,49700,1977
2471000,2244000,25200,1930
557000,626000,181000,1980
1371000,1154000,50100,1909
758000,726000,296000,2003
1523000,1504000,179000,1911
484000,523000,119000,1995
1500000,1551000,169000,1986
888000,915000,152000,2005
1786000,1838000,433000,1993
883000,779000,201000,1982
253000,253000,159000,1985
1970000,1974000,354000,1996
461000,479000,210000,2011
441000,401000,185000,1994
2411000,1998000,143000,1946
2280000,2534000,81700,1959
710000,631000,166000,1991
308000,269000,105000,1994
591000,510000,79400,1971
424000,453000,195000,2011
1250000,1326000,198000,1996
879000,976000,429000,1991
819000,774000,355000,1984
573000,519000,151000,1976
2468000,2400000,622000,1991
2209000,2339000,1647000,2017
2416000,2588000,65800,1925
1216000,1111000,325000,2004
1455000,1410000,187000,1987
392000,369000,226000,1999
1121000,1104000,438000,1997
556000,551000,170000,2015
363000,385000,122000,2002
2735000,2735000,3623000,1908
612000,585000,255000,2009
1498000,1578000,389000,2006
1681000,1845000,114000,1955
748000,713000,157000,1983
5732638,5375000,25500,1949
557000,528000,240000,2005
1391000,1352000,314000,1990
2052000,1914000,1301000,2012
1369000,1437000,32400,1911
357000,339000,163000,2005
823000,815000,307000,2007
4133000,3971000,160000,1927
1501000,1493000,458000,2008
1750000,1736000,59900,1954
392000,399000,119000,1995
2076000,1845000,231000,1984
472000,462000,123000,1995
532000,546000,164000,2005
2918000,3501000,10348000,1912
203349,194746,131000,1999
2235000,2234000,57600,1968
2079000,2216000,168000,1980
333000,359000,217000,2008
161331,151514,114000,1994
1198000,1343000,82900,1930
691000,636838,39700,1978
2259000,2259000,773000,2005
1687000,1744000,57700,1910
382000,357000,199000,2018
404000,469000,224000,2003
624000,642000,193000,2008
3539000,3045000,208000,1991
2399000,2334000,190000,1910
2725000,3141000,1485000,2015
925000,939000,207000,1996
1201000,1024000,52000,1946
2219000,2613000,95600,1937
3993000,3835900,227000,1964
1377000,1295000,116000,1975
1168000,1263000,287000,2008
1050000,1077000,453000,2019
444000,426000,240000,2009
619000,618000,77100,1981
476000,476000,322000,2018
327000,330000,198000,2017
460000,455000,176000,2008
517000,477000,213000,2014
424000,425000,89300,1998
1560000,1802000,188000,1985
1060000,1104000,481000,2012
1108000,1012000,232000,2001
2016000,1961000,162000,1912
492000,485000,242000,2009
910000,922000,317000,2003
3891000,4059000,10000,1954
1558000,1800000,421000,2003
4201000,4014000,709000,1992
574000,564000,201000,2016
2714000,2353000,25300,1930
1551000,1433106,76400,1910
1197000,1116000,610000,2018
275000,268000,21800,1991
2169000,2037000,174000,1981
357000,391000,172000,2010
550000,510000,112000,1995
331474,299000,42400,1981
599000,615000,250000,2014
408000,428000,201000,1998
167000,168000,142000,1995
351000,353000,144000,2012
378000,333000,240000,1999
1467000,1344000,173000,1977
1536000,1450000,25400,1908
2010000,2300000,146000,1990
1150000,1078000,193000,2009
890000,892000,338000,2005
687000,721000,236000,2008
503000,405000,144000,2009
1770000,1717000,353000,1908
1040000,947000,276000,1912
1872000,1787000,30300,1951
601000,619000,93600,1967
2552000,2528000,55000,1931
1099000,1133000,574000,2018
461000,471000,40700,1974
984000,1027000,503000,2004
1157000,1220000,31400,1956
3241000,3750000,10000,1949
1969000,1994000,35400,1958
1771800,1860000,10000,1924
510000,594000,278000,2005
1385000,1570000,889000,2016
543000,599000,84100,1980
714000,643000,128000,2000
1933000,1809000,386000,2003
190000,196000,141000,1997
3404000,3992000,888000,1990
690000,693000,153000,1996
2491000,2969000,1558000,2011
516000,503000,118000,1994
755000,728000,313000,2009
585000,565000,161000,1998
2874000,2436000,1535000,2015
708000,713000,427000,2018
1263605,1006066,343000,1976
1184000,1334000,182000,1986
1373000,1347000,591000,1905
3366000,3088000,45800,1952
2058000,1721392,1484000,2015
179001,192001,1121001,2009
997000,891000,441000,2010
1795000,1645000,933000,2012
474000,508000,52200,1973
723000,775000,212000,2009
1470000,1313150,105000,1968
517000,425000,140000,2008
328000,353000,174000,2003
497000,459000,189000,2005
3693000,3285000,792000,1956
1672000,1526546,215000,1987
381000,382000,141000,2005
2377000,2432000,1429000,2012
398000,429000,151000,2006
435000,439000,195000,2002
532000,495000,243000,1989
9175000,10865000,49300,1949
924000,904000,243000,2006
326000,382000,225000,1998
4e+05,365000,127000,1993
1341000,1113000,301000,1999
490000,466000,142000,1997
3723548,3341000,388000,1988
955000,960000,400000,2019
1661000,1682000,112000,1978
2023000,1960000,71200,1914
3623000,3547000,47000,1941
2240000,2176000,111000,1979
658000,646000,175000,1999
547000,519000,206000,2007
443000,427000,84800,1975
466000,447000,159000,1996
1272000,1155000,787000,2018
611000,574000,64200,1981
1313000,1140000,223000,1998
1493000,1311000,377000,2003
662000,634000,196000,2009
1478000,1282000,114000,1979
1538000,1892000,638000,2005
836000,751000,265000,1995
1271000,1324655,174000,1978
549000,549000,29300,1912
2877000,2707255,1351000,2020
470000,470000,47200,1985
3648000,3574000,464000,1930
3943000,3950000,1250000,2005
433000,384000,120000,2015
442000,436000,149000,1984
1836000,1795000,365000,1992
389000,429000,115000,1998
1003000,940000,387000,1992
15200,15200,4700,2009
470000,516000,135000,2021
2155000,2262000,135000,1977
365000,341000,146000,2005
969000,1042000,541000,1991
2287000,1956000,574000,1997
1339000,1573000,69700,1949
1080000,1274000,153000,2018
1272000,1494000,38800,1921
565000,537000,231000,2011
1780000,1771000,33600,1941
592000,567000,220000,2006
373000,346000,183000,1998
1930000,1914000,849000,2007
1572000,1803000,192000,1978
1160000,1329000,442000,2011
291000,256000,192000,1995
1089000,998000,192000,1990
773000,862000,200000,1991
1910000,1615000,136000,1983
706000,666000,160000,2002
1197000,1102000,31600,1956
541000,510000,253000,2006
915000,984000,180000,1982
2470000,2500000,16800,1914
658000,611000,95000,1978
610000,670000,253000,1991
1031000,1001000,358000,2003
1213000,1250000,178000,1988
3613000,4128000,20000,1958
2770000,2714000,528000,1988
2470000,2500000,395000,1928
1778000,1702000,114000,1977
440000,442000,178000,1994
1955000,1985000,558000,2004
482000,450000,121000,1989
1702000,1584000,110000,1979
526000,546000,266000,2018
2061000,1810000,132000,1971
312000,292000,37200,1980
573000,594000,152000,1995
299000,283000,117000,1994
302000,329000,82000,1996
1520789,1325000,60200,1948
3259000,3106000,292000,1952
1925000,1850000,202000,1912
473000,485000,232000,2009
317000,312000,194000,2000
639000,596000,141000,2012
374000,360000,140000,1957
672000,692000,285000,2015
1884000,1992000,70300,1968
1132000,1004000,204000,1989
369000,414000,147000,1996
647000,563000,301000,1986
2395000,2257000,148000,1981
1388000,1192000,26400,1941
435000,447000,172000,2014
491000,476000,162000,1999
459000,388000,181000,2019
550000,490000,244000,2008
1217000,1095000,39300,1962
1139000,1196000,70600,1912
221000,290000,214000,1994
1818000,1494000,46600,1948
1189000,1309000,478000,2018
388000,389000,122000,2007
1216000,1186000,1506000,1910
2137000,2081000,105000,1980
599000,647000,288000,1993
32451000,30827000,33060000,2018
668000,677000,300000,1995
2362000,2404000,657000,2010
8521000,8521000,756000,1966
521000,514000,106000,1989
479000,498000,226000,2017
389000,386000,258000,2004
583000,497000,423000,2012
1236000,1212000,584000,2012
464000,465000,210000,2011
1642000,1724000,94800,1994
1769000,1787000,51400,1977
324000,325000,199000,2013
1806000,1797000,403000,2002
799000,837000,353000,1982
157000,157000,11400,1975
1650000,1759000,23600,1930
1484000,1531000,401000,2005
506000,473000,19700,1978
264600,251000,146000,1985
854000,906000,236000,2003
468000,420000,140000,1994
2303000,2074000,231000,1987
1694000,1712000,362000,2006
1851000,1905000,1455000,2019
1965000,2362000,1280000,1998
3248000,3497000,552000,1991
461000,441000,239000,2003
1388000,1192000,102000,1983
859000,881000,161000,2019
828000,776000,393000,1982
1263000,1156000,534000,1904
548000,505000,16100,1972
1589000,1466000,195000,1991
3740000,2921000,394000,1989
114800,106000,70600,1999
645000,625000,292000,2011
462000,419000,242000,2001
401000,476000,191000,2006
1798000,1617000,528000,1996
492000,552000,56200,1979
5103000,5003000,406000,1930
392000,385000,158000,2005
463000,477000,31300,1981
657805,643000,80200,1912
39900,172000,9100,1975
1766000,1840000,164000,1984
472000,473000,187000,1997
3746000,3976000,9400,1977
1053000,1007548,261000,2006
398000,409000,113000,1995
2199000,2081000,38000,1910
5800000,7612000,6426000,1965
2200000,2010000,319000,1998
619000,627000,60800,1980
460000,438000,224000,1988
988000,1023000,361000,1992
127438000,114434000,36500,1960
305000,334000,170000,2016
3398000,3101000,170000,1931
1039000,1047000,326000,2021
2567000,2186000,575000,1939
1585000,1352000,720000,2011
1472000,1474000,84000,1979
1370000,1485000,59000,1929
3485000,3407000,66100,1964
475000,428000,214000,1994
1306000,1552000,241000,1989
4220000,4223000,1498000,2010
1107000,1128000,375000,2003
1079000,968000,116000,1990
1650000,1510000,344000,1996
348000,374000,57700,1985
266000,268000,172000,1984
1981000,1834000,532000,1994
832000,866000,134000,1999
981000,968000,327000,1996
668000,617000,260000,1992
2584000,2982000,940000,1995
1230000,1141000,28400,1953
1729000,1649406,35900,1949
547000,519000,209000,1987
463000,496000,203000,2013
1653000,1591000,133000,1963
443000,539000,210000,2013
611000,627000,76500,1973
582000,618000,265000,2007
4764000,4584000,4737000,2017
281000,266000,147000,1998
1077000,1185000,315000,2019
375000,377000,172000,2014
1930000,2090000,748000,2006
1083000,1161000,127000,1990
1328000,1650000,197000,1987
6300000,6688000,17400,1910
14916000,13362718,26000,1954
539000,561000,252000,1994
757404,738165,145000,2004
480000,488000,309000,1994
1645000,1452000,77500,1911
489000,502000,226000,2019
241000,273000,206000,2000
13825000,13825000,16900,1985
952000,939000,258000,2019
634000,679000,281000,2014
1325000,1195000,309000,2002
1052000,945000,104000,1979
1099000,1127000,496000,2006
4329000,4353000,200000,1997
3220000,2792000,271000,1983
3739000,3682000,990000,1977
2523000,2468000,161000,1946
1388000,1192000,258000,1996
554000,535000,79600,1948
1113000,1326000,44100,1924
3353000,3236000,546000,1989
75400,60800,24800,1971
686000,620000,96400,1997
188394,179000,113000,1994
29707000,34277000,63730000,1970
1086000,1083000,372000,1987
272000,258000,126000,2004
389000,420000,237000,2016
851000,864000,335000,1988
1052000,1021000,151000,1972
25420000,28710000,72000,1958
373000,380000,212000,2016
679000,616000,391000,1993
382000,420000,178000,2009
524000,517000,89000,1983
1555000,1267000,183000,1988
1485000,1390000,69200,1967
2005000,1732000,118000,1947
693000,764000,388000,1992
1242000,1070000,516000,2012
1267000,1128000,433000,2012
372000,344894,66900,1985
25970519,15225000,8660000,1968
625000,664000,180000,1988
1498000,1378000,45100,1926
531000,493000,237000,1999
1271000,1197000,443000,1925
524000,665000,264000,2015
498000,553000,276000,1996
99300,131000,49400,1999
486000,506000,297000,2013
1029000,939000,204000,1990
3056000,3060000,2183000,2012
2197000,2137000,900000,2018
1645000,1726000,32800,1946
1339000,1607000,40700,1961
549000,570000,251000,2011
1718000,1645000,136000,1981
1222000,1117000,374000,1996
1529000,1458000,237000,1980
1925000,1859000,431000,2003
437000,378000,277000,2011
488000,512000,181000,2007
756000,693000,511000,2012
1674000,1348000,238000,1989
734000,688000,175000,2003
611000,553000,262000,1987
1200000,1123000,488000,1990
407000,357000,170000,2004
341000,344000,234000,2009
437000,448000,93500,1993
1806000,1810000,1016000,2017
1589000,1485000,152000,1910
415000,369000,218000,2007
268000,253000,190000,2016
426000,434000,52800,1973
1118000,1212000,260000,1992
415000,419000,336000,1998
1622000,1461000,152000,1980
474000,419000,38700,1985
2542000,2968000,156000,1973
638000,544000,295000,1994
488000,562000,315000,2013
3202000,2789000,137000,1940
1867000,2077000,35800,1956
1623000,1505000,358000,2000
3609000,3580000,130000,1930
1850000,1565000,26300,1946
579000,622000,296000,1999
765000,708000,250000,1986
1249000,1433000,38900,1927
1824000,1942000,640000,1996
2436000,2900000,39900,1922
1529000,1408000,997000,2013
1017000,959000,391000,2008
3593000,3304000,262000,1924
1574000,1660000,1257000,1972
2165000,1921000,403000,1992
447000,489000,228000,2002
703000,715000,213000,2006
434000,411000,253000,2011
558000,497000,289000,2018
796992,729000,45500,1971
508000,459000,30700,1977
480000,458000,28400,1912
1892000,1498000,107000,1970
670000,686000,307000,2000
734000,682000,297000,1991
1241000,1163000,13900,1944
1208000,1193000,318000,2019
1068000,1211000,147000,1946
414000,387000,91900,1993
984000,954000,68900,1979
785000,891000,480000,2017
269000,3e+05,71100,1996
488000,513000,269000,2010
469000,462000,125000,2006
366000,389000,210000,2003
743000,762000,315000,1989
1058000,1037000,287000,2005
649000,686000,243000,2021
3665000,3334000,2865000,2012
29000,24972,1700,1998
1670000,1539000,134000,1976
1951000,1925000,36800,1924
1601000,1680000,388000,1993
524000,504000,100000,1990
587000,571000,120000,1983
1793000,1812000,161000,1985
2186000,1991000,27300,1924
3373000,2760000,47800,1925
435000,424000,201000,2017
936000,898000,347000,2008
276000,288000,191000,2013
1432000,1194000,35500,1956
726000,716000,426000,1990
1155000,1352000,644000,1991
1149000,1032000,122000,1981
1706000,1810000,51800,1965
1525000,1325000,68700,1973
462000,478000,226000,2018
382000,376000,192000,2018
1665000,1434000,32000,1912
512000,518000,212000,1989
1712000,1802000,604000,1910
1329000,1411000,56300,1956
50200,50300,44900,1994
188000,188000,21600,1990
806000,748000,198000,1992
2552000,3023000,92900,1932
1155000,1320000,104000,1980
667000,559000,41800,1977
1543000,1278000,199000,1911
490000,428000,230000,1994
273000,276000,202000,1984
2925000,2464000,162800,1908
3358000,3248000,1034000,2003
409000,426000,292000,1998
633000,629000,37900,1974
494000,472000,127000,1997
445000,478000,204000,2005
1872000,1777000,135000,1979
1931000,1911000,373000,1922
848000,766000,335000,2017
2645000,3031000,1533000,2014
1611000,1493000,171000,1984
1913000,1754000,636000,1993
431000,413000,113000,1987
4044000,4044000,9600,1991
687000,644000,291000,2020
582000,587000,246000,2018
5197000,5630000,999000,1904
1068000,1211000,55900,1967
1524000,1463000,266000,1991
795000,806000,154000,2019
537000,513000,171000,2014
501000,476000,266000,2013
1155000,1020000,148000,1989
2967000,2938000,130000,1938
1693000,1608000,105000,1952
1163000,1249000,58600,1945
481000,531000,244000,2015
2853000,2561488,53700,1956
503000,479000,186000,2007
474000,450000,195000,1998
3194000,2759000,700,1960
371000,390000,54200,1997
3e+05,312000,141000,2009
557000,530000,212000,2006
734000,682000,297000,1991
426000,454000,162000,1996
2572000,2523000,155000,1911
512000,511000,38800,1974
1440000,1306000,94100,1977
373000,384000,247000,2016
2514000,2193000,154000,1987
1123000,1068000,155000,1979
1413000,1155000,354000,2007
2480000,2482000,59600,1967
2707000,2620000,1793000,2013
616000,571000,220000,1986
315000,362000,172000,2012
1511000,1456000,30700,1948
625000,647000,126000,1996
611000,641000,395000,2010
537000,481000,248000,1991
2042000,2184000,188000,1983
2345000,2554000,46000,1949
408000,391000,313000,1998
436000,415000,365000,2016
658000,665000,135000,1989
2184000,1986000,43100,1927
1330000,1122000,27700,1956
2489000,2191000,28800,1956
1636000,1698000,157000,1983
2470000,2402000,286000,1946
2178000,1726000,508000,2015
1351000,1434000,103000,1910
424000,397000,82000,1975
381000,368000,175000,2018
1176000,1055000,96200,1974
1564000,1580000,54800,1910
413000,405000,181000,2005
2480000,2483000,112000,1974
578000,599000,96700,1974
1971000,1980000,173000,1927
5836000,6484000,9919000,1962
404800,467100,177600,1995
951000,1003000,363000,2002
1621000,1743000,40200,1960
1927000,1910000,469000,2007
321000,3e+05,344000,2014
299000,258000,182000,2000
2609000,2966000,454000,1994
526000,493000,231000,1992
745000,722000,249000,2000
17843000,20481000,41000,1911
162000,142799,43300,1999
480000,459000,212000,1957
1822000,1605000,481000,2019
549000,492000,60100,1975
1439000,1324000,28300,1946
414000,392000,173000,2013
2200000,2030000,106000,1962
267000,265000,50800,1983
1228000,1085000,134000,1981
521000,504000,61000,1983
522000,512496,250000,2006
1057000,1008000,210000,2011
394000,451000,190000,2014
1509000,1316000,355000,2001
3174000,3287000,187000,1915
1358000,1158000,96200,1976
290000,250000,69700,1981
3016000,3307000,619000,1999
979000,963000,468000,2019
1216000,1183000,342000,1928
1158000,1164000,491000,2018
1715000,1650000,265000,1997
2984000,2809000,87100,1937
586000,594000,188000,1988
5e+05,498000,241000,2014
3061000,2521000,153000,1988
239000,251000,254000,2014
3139000,3855000,52300,1946
437000,450000,299000,2003
602000,630000,394000,2015
583000,625000,421000,2015
834000,860000,110000,1991
1456000,1488000,321000,2010
1822000,1712000,133000,1980
3728000,3693000,711000,1994
439000,391000,149600,1997
1e+06,1175000,194000,1994
1391000,1221000,23800,1953
1282000,1217000,70700,1972
1433000,1520000,94900,1949
799000,781000,126000,1998
529000,543000,262000,2017
4267000,5121000,1259000,1980
2247000,1930000,1299000,2016
1202000,1281000,670000,1994
129000,122000,100000,1999
9812000,9812000,297000,1999
720000,729000,247000,2009
1021000,1164000,168000,1987
2299000,2707000,242000,1929
3257000,3313000,95000,1958
1771000,1634000,380000,1998
347000,332000,182000,2017
5182000,5040000,14300,1987
614000,573000,56500,1975
442000,407000,33700,1973
1037000,1265000,44000,1958
348000,4e+05,158000,1998
1591000,1476000,502000,1998
726000,602772,140000,1987
28395509,26697000,141000,2003
692000,625000,229000,1990
1937000,1896000,176000,1912
2100000,2069000,110000,1978
1376000,1263000,40700,1953
3117000,4261000,6552000,2021
1083000,1133000,362000,1997
1307000,1461000,518000,1981
262000,248000,221000,2000
1793000,1560000,358000,2000
885000,936000,467000,2017
2011000,1682000,573000,2005
1390000,1255000,231000,1986
443000,426000,108000,1997
1241000,1474000,570000,2012
1160000,1149000,424000,2020
1136000,1270000,380000,1999
1535000,1398000,66100,1966
447000,467000,181000,2002
183314,188000,114000,1999
2164000,2164000,12700,1956
312000,268000,188000,2013
525000,453918,156000,1992
301000,312000,168000,2018
1410000,1394000,203000,1990
372000,379000,212000,2016
523000,550000,232000,1994
1452000,1187000,75900,1973
459000,428000,176000,1998
694000,646000,148000,1980
3261000,3268000,418000,1989
590000,673000,190000,2014
772000,826000,333000,2014
1832000,1988000,175000,1979
6273000,6273000,9100,1975
1660000,1499000,19800,1905
1634000,1509000,468000,1995
4572000,4572000,2036000,1965
1548000,1380000,475000,1993
358000,333000,131000,1996
1521000,1600000,37500,1948
483000,446000,284000,1988
1037000,1385000,469000,1991
1450000,1235000,129000,1927
168000,274000,125000,1994
602000,610000,287000,2018
3310000,3300000,278000,1905
2711000,2794000,80200,1937
2022000,1824000,625000,2003
1244000,1223000,338000,2011
391000,327434,83300,1999
1635000,1509000,352000,1993
991000,1028000,288000,2002
695000,688000,49100,1976
881000,898000,440000,2015
528000,449000,66200,1972
844000,846000,98100,1974
1258000,1017000,701000,2015
1461000,1391000,56000,1968
1954000,1867000,28500,1951
1131000,1067000,468000,2014
2457000,2051000,724000,2004
7831000,7831000,11000,1987
621000,653000,87800,1974
91565,91680,82000,1994
1573000,1681000,131000,1975
1243000,1417000,65700,1965
626000,640000,338000,2013
449000,470000,209000,2011
693000,678000,341000,2018
426000,477000,131000,1996
3169000,3376000,848000,1993
540000,520000,124000,1996
804000,729000,378000,2018
3152000,3904000,347000,1915
513000,410000,56800,1974
915000,908678,312000,2017
2419000,2877000,349000,1987
820000,839000,363000,2018
431000,384000,205000,2008
214000,213000,39900,1995
558000,645000,149000,2001
409000,436000,171000,2005
1382000,1309000,102000,1980
115000,97451,28400,1971
1544000,1554000,278000,1976
2433000,2251000,1293000,2007
701000,641000,143000,2016
4017000,5125000,226000,1927
1309000,1181000,296000,1979
647000,683000,208000,2006
482000,427000,46700,1975
373000,417000,211000,2010
207000,189000,50900,1991
416000,399000,155000,2006
440000,415000,218000,1994
321000,367000,168000,2012
1728000,1634000,26500,1948
325000,291000,33200,1978
1630000,1568000,115000,1979
474000,497000,256000,2004
3790000,3956000,1143000,1996
489000,506000,238000,1994
1608000,1660000,16700,1916
464000,487000,458000,2014
822000,930000,329000,1912
292000,292000,189000,2002
448000,421000,247000,2003
1307000,1076000,306000,1990
220000,232000,193000,1995
36560000,36560000,35273000,1911
1671000,1684000,28700,1929
2092000,2396000,1203000,2014
426000,442000,226000,2018
127000,108098,28200,1971
4498000,4531000,167000,1940
380000,334000,58000,1986
5905000,5566000,203000,1970
1027000,977000,95700,1986
2436000,2337000,222000,1910
509000,484000,186000,1990
1100000,1201000,491000,2003
1157000,1062000,91000,1910
1617000,1331000,351000,1912
342000,365000,154000,1996
1606000,1460000,17700,1953
517000,556000,192000,1994
466000,431000,104000,1991
585000,566000,282000,2018
431000,462000,59800,1980
476000,511000,155000,2009
831000,812000,139000,1984
1189000,1323000,181000,1948
682000,704000,237000,2000
381000,388000,59900,1973
273000,215514,172000,1994
584000,448000,34900,1974
1525000,1390000,85800,1968
515000,555000,100000,1947
580000,586000,222000,2019
312000,324000,183000,2013
541000,484000,275000,2013
357000,332000,193000,2013
1344000,1234000,713000,1927
368000,384000,138000,1997
1168000,953000,447000,2013
977000,978000,252000,2004
3381000,3303000,152000,1974
570000,559068,151000,1995
1453000,1560000,32000,1950
573000,560000,336000,2016
1352000,1229000,273000,1993
1684000,1741000,341000,1997
635000,665000,188000,1989
351000,367000,141000,1997
1599000,1623000,379000,2008
341000,325000,142000,1999
566000,631000,186000,2008
402000,407000,72900,1996
1625000,1642000,35700,1911
531000,501000,224000,1994
824000,853000,433000,2014
648000,667000,229000,2008
607000,562000,247000,2003
405000,424000,304000,2016
380000,382000,69700,1974
540000,553000,173000,2005
1630000,1568000,505000,1901
2258000,2371000,1185000,2006
636000,694000,203000,2005
3368000,3201000,1525000,2015
1307000,1326000,509000,2002
1525000,1550000,365000,2003
314000,294000,60300,1987
38200,38200,1800,1993
2450000,2390000,1296000,2017
1803000,1512000,385000,1993
1666000,1705000,78000,1965
560000,583000,180000,1999
1015000,1145000,79200,1971
2589000,2490000,878000,2015
622000,678000,169000,2003
83000,74800,66800,1994
724000,731000,376000,1994
622000,699000,250000,1995
808000,935000,339000,1998
2146000,1978684,525000,1995
389000,367000,152000,1999
950000,901000,405000,1997
303000,335000,159000,1990
653000,666000,181000,2002
1339000,1203000,291000,2007
1750000,1454000,49400,1946
815000,878000,55000,1975
536000,549000,51100,1974
328000,327000,144000,1999
2986000,2886000,989000,2003
619000,588000,209000,1994
321000,291000,138000,2001
745000,723000,225000,1918
1662000,1690000,386000,2004
1720000,1611000,412000,2004
2474000,2450000,1095000,2012
2110000,1835000,341000,1990
346000,342000,261000,2001
7231000,7231000,1018000,1963
627000,598000,260000,2004
865000,881000,328000,1991
3794000,3491000,1085000,1945
1523000,1810000,56100,1969
367000,378000,180000,2003
412000,414000,114000,1994
2686000,2625000,21800,1919
2905000,2549000,1334000,2015
2019000,1879000,147000,1977
519000,582000,237000,1993
380000,385000,130000,2005
1426000,1502000,22900,1945
824000,850000,211000,2011
389000,339000,262000,2016
2204000,2613000,103000,1938
2139000,1895000,39200,1953
582000,595000,272000,2008
581000,452000,393000,1992
572000,621000,159000,1998
1998000,1986000,150000,1912
429000,447000,159000,2005
499000,445000,192000,2005
462000,464000,196000,1999
656000,691000,364000,1994
386000,372000,130000,2005
515000,488000,97000,1985
379000,369000,266000,2018
1559000,1316000,69000,1945
506000,477000,276000,2007
1970000,1892000,288000,1986
2161000,2301000,217000,1987
804000,686700,294000,1994
448000,435000,173000,1997
541000,513000,322000,1998
473000,487000,101000,1971
852000,768000,114000,1985
1861000,1517000,60100,1954
328000,373000,310000,1997
543000,588000,360000,1994
1438000,1727000,472000,1996
426000,408000,251000,2015
343000,353000,270000,2014
1437000,1203000,291000,1997
449000,447000,237000,2003
794000,811000,172000,1994
803000,756000,202000,2015
1082000,1139000,414000,2008
1325000,1195000,119000,1976
1666000,1571000,34900,1951
17302000,22182000,19800,1985
584000,549000,160000,1999
555000,524000,150000,2000
529000,516000,101000,1992
174000,198000,188000,1995
490000,495000,246000,2020
525000,459000,157000,2016
1051000,1252000,268000,2003
754000,808000,208000,2009
853000,776000,300000,2004
1647000,1665000,32200,1953
383000,365000,189000,2006
3108000,3601000,150000,1924
2219000,2642000,213000,1926
717000,751778,286000,2014
394000,403000,181000,2010
1629000,1503000,100000,1979
1335000,1502000,85600,1971
513000,492000,205000,2006
1537000,1584000,350000,2018
971000,928000,336000,2003
1339000,1231000,284000,2020
22881000,22881000,164000,1997
6614000,6506000,3182000,2010
2416000,2588000,232000,1988
4213000,4798000,4469000,2018
3579000,3512000,489000,1933
2014000,2003000,151000,1979
1523000,1612000,449000,1997
563000,518000,148000,2006
444000,455000,172000,1999
2447000,2396000,230000,1971
3212000,3050000,1573000,2016
368000,421000,97400,2006
1260000,1185000,74200,1910
368000,346000,152000,1996
292000,336000,254000,1992
99900,156000,64800,1999
3398000,3274000,406000,1928
6072000,6072000,10300,1928
683000,863000,684000,1995
568000,546000,194000,1985
522000,531000,307000,2016
2733000,2700000,182000,1986
506000,482000,60000,1980
914646,785000,186000,1994
2501000,2201000,323000,1987
776000,687000,324000,1994
2412000,2387000,996000,2015
414000,428000,140000,2007
1251000,1302000,208000,2020
352000,367000,217000,2004
1848000,1685000,91400,1969
1110000,1050000,490000,2014
1525000,1283000,95500,1963
333000,380000,132000,2012
448000,438000,196000,2004
418358,382000,117000,2012
2048000,2180000,144000,1968
490000,495000,68400,1975
1063000,1029000,680000,2012
681000,650000,297000,2003
728000,648000,287000,2006
921000,896000,203000,2008
2469000,2689000,173000,1938
1244000,1215000,445000,2005
447000,506000,177000,1995
2505000,2506000,525000,1990
286000,280000,219000,2000
628000,576000,295000,2007
547000,586000,91100,1975
554000,503000,184000,1974
285000,278000,167000,1998
3500000,3654000,164000,1912
367000,432000,234000,2016
441000,445000,145000,2007
1588000,1648000,413000,1989
1884000,1756000,23000,1912
1469000,1549000,52400,1912
367000,391000,219000,2018
1563000,1465000,69400,1924
575000,565000,129000,1996
228000,199000,178000,2002
1795000,1645000,198000,1984
822000,795000,329000,1993
336000,393000,174000,2002
368000,357000,163000,2010
3470000,3429000,1268000,2013
5606000,5691000,11700,1967
539000,577000,135000,2012
3400000,3805000,2783000,2013
3326000,3341000,57000,1950
6e+05,608000,241000,2011
2023000,1952000,38400,1956
332000,427000,237000,2011
2244000,2811000,904000,2002
636000,618000,122000,1997
1595000,1637000,441000,1928
266000,234000,203000,2016
359000,341000,173000,2002
714000,718000,220000,1984
1404000,1230000,25900,1930
505000,509000,295000,2010
649000,696000,264000,2007
585000,597000,39500,1973
1693000,1527000,136000,1956
682000,672000,127000,1978
1128000,1088000,371000,2002
1349000,1626000,39700,1948
890000,774000,190000,1981
1254000,1406000,616000,2003
3968000,3968000,30000,1972
1487000,1635000,25600,1913
296000,342000,137000,2016
11726000,11673000,17600,1984
1490000,1241000,39100,1964
592000,580000,457000,2016
1894000,1708000,104000,1965
2045000,1847000,146000,1912
1169000,1087000,314000,2004
1602000,1473000,56300,1957
1173000,1387000,61900,1955
694000,712000,209000,2015
563000,593000,280000,2016
439000,424000,117000,1991
732000,730000,169000,1993
537600,569500,150600,1995
794000,841000,145000,1997
3614000,3559000,1038000,2000
2773000,3173000,157000,1912
449000,442000,175000,1957
1010328,921742,133000,1910
445000,430000,163000,2016
517000,471000,235000,1982
1453000,1323000,250000,1989
388000,341000,74000,1996
1523934,1325000,73400,1922
1675000,1620000,42800,1948
2739000,3329000,142000,1964
1966000,1875000,553000,2005
1730000,1665000,44200,1942
2039000,2159000,1366000,2011
2305000,2840000,121000,1930
1109000,986000,288000,2000
494000,503000,232000,2002
1811000,1774000,367000,2007
839000,742000,324000,2006
590000,582000,314000,2005
687000,703000,340000,2009
971000,939000,100000,1969
1197000,1252000,269000,2007
144000,101000,26400,1991
892000,893000,307000,2003
983000,917000,113000,1989
1964000,1898721,62000,1962
599000,619000,337000,2006
3086000,3267000,375000,1922
1925000,1850000,65000,1907
1421000,1470000,128000,1973
1443000,1418000,90200,1910
1388000,1192000,48500,1941
1467000,1430000,36500,1954
944000,962000,339000,1999
1300000,1200000,974000,2014
228000,238000,320000,2015
398000,418000,207000,2013
1414000,1198000,39600,1947
561000,581000,150000,1994
432000,467000,167000,2005
570000,542000,306000,2007
251000,283000,206000,2003
2978000,2535000,181000,1980
1692000,1803000,363000,1991
780000,848000,381000,1994
513000,553000,190000,2011
1363000,1088000,145000,1989
1902000,1935000,34300,1910
1315000,1159000,369000,1912
1042000,1175000,121000,1975
1560000,1553000,25300,1931
1471000,1471000,11900,1955
1391000,1447000,411000,2003
1007000,992000,310000,2018
480000,436000,42600,1975
1254000,1170000,159000,1963
876000,1042000,304000,2021
290000,291000,98500,1996
112000,102000,60600,1994
1745000,1728000,1199000,2017
1226000,1438000,234000,1999
3606000,3614000,78900,1925
686000,715000,228000,1998
769000,703000,111000,1989
694000,689000,367000,2000
780000,792000,317000,2000
358000,349000,160000,2015
534000,498000,164000,1999
3345000,3589000,2153000,2020
2731000,2832000,578000,1999
1740000,1743895,735000,1912
708000,633000,475000,1992
603000,537000,340000,1994
454000,469000,166000,2021
407000,370000,131000,1997
1598000,1595000,119000,1976
1423000,1182000,136000,1982
638000,607000,305000,2019
2111000,2012000,334000,1953
595000,665000,201000,1991
419000,423000,200000,2008
405000,391000,59000,1985
688000,640000,93200,1982
411000,401000,164000,1995
434000,414000,57000,1974
1916000,2200000,218000,1920
1678000,1710000,1214000,2014
441000,470000,188000,2005
855000,880000,327000,2009
1717000,1608078,1206000,2016
1138000,1118000,288000,2004
1992000,2109000,72800,1953
573000,523000,46200,1976
1688000,1468000,373000,1946
434000,476000,293000,1993
786000,723000,677000,1995
513000,478000,226000,2007
1393000,1252000,38700,1911
344000,382000,280000,2011
72600,52800,22700,1971
2700,2300,51800,1998
522000,519000,193000,1994
585000,590000,188000,1988
910000,846000,500000,1996
576000,595000,155000,1997
451000,463000,168000,2004
1323443,1192000,96500,1978
374000,372000,257000,2016
1017000,827000,317000,2017
1495000,1290000,29100,1949
1934000,2287000,326000,1995
1068000,1211000,65100,1968
958000,1032000,599000,1998
1,1,1,1993
552000,599000,138000,1997
1172000,1107000,248000,1995
3413000,3268000,342000,1940
521000,477000,86500,1981
308000,284000,168000,2000
691000,684000,303000,2011
506000,532000,363000,2018
2110000,1835000,370000,1930
391000,407000,159000,2005
632000,615000,80900,1986
3412000,3361000,271000,1968
310000,292000,103000,1999
431000,410000,179000,1998
286000,250000,104000,2005
1184000,1334000,238000,2000
680000,686000,266000,2016
261000,225000,175000,1997
797000,666000,113000,1986
2299000,2495000,142000,1912
2164000,1894000,174000,1956
3377000,3376000,211000,1950
926000,965000,218000,2006
1465000,1230000,244000,1993
2872000,2843000,284000,1990
466000,442000,238000,2010
353000,341000,141000,2019
355000,384000,229000,1997
1874000,1605000,635000,2006
623000,794000,459000,1995
13850000,12645000,10000,1965
1944000,2041000,230000,1985
3197000,3470000,166000,1975
263000,252000,59000,1985
686000,646000,284000,2008
587000,564000,253000,2008
329000,321000,226000,1998
1289000,1337000,428000,1999
1475000,1556000,138000,1982
664000,717000,26600,1930
321945000,337740000,2803400,2006
913000,1023000,131000,2013
4388000,4558000,678000,2010
417000,360000,185000,2008
1078000,1161000,87400,1912
1916000,2200000,405000,1989
433000,367000,34800,1985
1400000,1777000,300,1968
1037000,1208000,40100,1964
1005000,1015000,457000,2018
367000,424000,196000,1998
829000,941000,493000,1997
971000,924000,260000,1997
661000,637000,37100,1972
507000,484000,140000,2005
3080000,3359000,163000,1954
783852,707000,148000,1993
403000,420000,212000,1997
452000,401000,374000,2016
594000,566000,400000,2015
351000,360000,198000,2018
247000,279000,124000,1994
1152000,1082000,248000,2001
2437000,2568000,938000,2017
631000,606000,255000,2007
1734000,1760000,35300,1963
1723000,1840000,165000,1912
438000,415000,142000,1995
2425000,2577000,154000,1912
804000,784000,220000,1984
1134000,1254000,31200,1923
1840000,1707000,577000,1996
1482000,1335000,42600,1947
710000,706000,317000,1998
2810000,3295000,327000,1912
1810000,1547000,892000,2021
1275000,1361000,397000,2008
1200000,1400000,204000,1911
2458000,2489000,123000,1966
1480000,1443000,474000,1908
1157000,1352000,70100,1971
1444000,1369000,678000,2012
694000,614000,262000,2014
1788000,1812000,891000,2011
26543000,32649811,13353000,2019
3943000,4279000,2205000,1948
3024000,2986000,1040000,2003
2801000,2678000,234000,1979
101338,92848,25800,1971
1190000,1214000,238000,1996
2204000,2049000,23000,1931
556000,575000,335000,2018
556000,559000,188000,1993
756000,691000,380000,1998
2162000,2198000,193000,1940
605000,563000,183000,1991
2295000,2045000,1434000,2015
1008000,853000,287000,2008
381000,399000,301000,2001
2173000,2134000,9700,1957
395000,4e+05,113000,2016
1144000,1238000,31400,1941
1452000,1594000,26300,1945
1937000,1915000,233000,1909
5452000,5452000,698000,1914
468000,506000,215000,2007
1974000,1867000,110000,1974
2517000,2284000,31000,1946
540000,513000,266000,2005
1192000,1003000,449000,1986
411000,417000,93500,1982
2372000,2279000,49300,1955
5269000,7148000,5745000,2006
1e+06,991000,12700,1947
339000,311000,249000,2016
1241000,1163000,253000,2000
624000,615000,180000,2017
808000,908000,373000,2016
497000,428000,181000,2019
941000,931000,128000,1980
709000,611000,230000,2000
3335000,3714000,63900,1960
651065,556000,160000,1986
539000,694000,171000,1991
1634000,1506000,653000,2016
741000,726000,78300,1980
1628000,1622000,296000,1999
2304000,1870000,27200,1944
562000,502000,238000,2007
881000,720000,289000,2008
1054000,931000,248000,2009
708000,639000,315000,2005
758736,683000,231000,2009
832000,783000,44500,1972
340000,323000,107000,1999
1730000,1376000,928000,2013
601000,665000,297000,1994
423000,419000,152000,1997
497000,474000,230000,2017
796000,756000,308000,2009
403000,4e+05,173000,1991
905000,901000,135000,1976
389990,335000,101000,2009
1262000,1218000,790000,2017
423000,401000,218000,2000
723000,672000,459000,1998
2898000,2873000,336000,1985
885000,960000,164000,1979
403000,365000,280000,2000
1832000,1581000,660000,1997
1806000,1810000,74100,1932
439000,402000,242000,2011
552000,574000,271000,2004
759000,707000,221000,2009
1442000,1390000,91700,1968
1904000,1841000,38000,1953
507000,497000,220000,2006
551000,572000,163000,2009
703000,718000,394000,2016
3003000,2871000,162000,1920
2249000,2440000,1367000,2018
327000,371000,68800,1979
415000,371000,40800,1976
430000,471000,112000,1989
640000,662000,269000,2021
2291000,2567000,504000,2003
2387000,2349000,639000,2018
2904000,3142664,20000,1946
4629000,3476000,121000,1966
503000,492000,126000,1997
2555000,2470000,237000,1985
423000,403000,85700,1983
613000,649000,292000,2010
5891000,5931000,324000,1993
1167000,1436000,125000,1984
4426000,4225000,773000,1989
865000,1013000,502000,2016
321100,337000,84400,1999
1675000,1480000,230000,1921
718000,706000,203000,2007
422000,433000,266000,2016
4387000,4186000,280000,1962
772000,689000,147000,1994
1141000,1092000,216000,2006
393000,442000,112000,2009
337000,330000,176000,1998
369000,367000,238000,2019
789000,829000,303000,2008
932000,864000,423000,1996
526000,520000,193000,1989
1875000,1781643,46300,1940
410000,425000,210000,2002
1457000,1369000,55300,1944
703000,707000,246000,2008
1880000,1584000,26400,1934
2337000,2642000,91100,1976
1857000,1762000,108000,1911
2305000,2283000,544000,1925
89100,49800,117000,2001
247000,225000,154000,2001
1667000,1680000,47600,1947
1482000,1525000,96000,1975
1113000,1208000,450000,2007
1238000,1165000,449000,2017
445000,446000,33500,1978
217000,206000,141000,1998
368000,375000,157000,2007
1250000,1296000,8000,1948
486000,459000,135000,1981
1224000,1339000,467000,2008
792000,854000,312000,2021
856000,846000,219000,2009
653000,664000,201000,2020
7164000,7164000,1078000,1962
1992000,1934000,78300,1972
579000,588000,211000,2007
1327000,1171000,572000,2013
1363000,1207000,62700,1927
1713000,1648000,295000,1995
429000,413000,116000,1985
445000,430000,209000,2016
1894000,1913000,107000,1976
542000,548000,203000,2013
1618000,1814000,271000,1986
656000,749000,80100,1976
941000,904000,259000,2005
1761000,1644000,406000,1999
1915000,1875000,30600,1912
1451000,1486000,541000,2006
375000,401000,184000,2018
8146000,7467000,3436000,1967
1731000,1595000,34600,1927
3433000,3581000,40000,1960
3360000,3267000,1672000,2018
436000,408000,74700,1996
436013,396000,172000,2007
20400,18700,10900,2001
460000,513000,190000,2006
2713000,2647000,69000,1920
428000,445000,134000,2014
1558000,1629000,563000,2009
782000,764000,326000,2009
1220000,1116000,29500,1947
1880000,2005000,414000,2000
672000,657000,205000,2004
380000,378000,163000,2000
669000,629000,174000,1993
482000,456000,158000,2011
409000,379000,184000,1995
1776000,1709000,40300,1929
2210000,2114000,60200,1965
637000,606000,35600,1976
635000,735000,292000,2005
1340000,1286000,468000,2018
2470000,2500000,1229000,2013
502000,464000,248000,2019
1492000,1351000,330000,2002
329000,417000,163000,2015
2626000,2608000,926000,1996
403000,389000,74800,1990
370000,384000,47700,1977
1828000,1653000,350000,1912
2844000,2892897,1528000,2004
480000,534000,282000,1996
1206000,1102000,263000,1995
1659000,1486629,168000,1981
335000,344000,206000,1995
1840000,1831000,116000,1945
712000,652000,374000,1998
1904000,1805000,406000,2006
1482000,1561000,44200,1961
1152000,1150000,224000,2007
1877000,1811000,450000,2006
1693000,1792000,146000,1979
684000,705000,122000,1981
723000,696000,338000,2007
937000,953000,272000,2008
545000,631000,261000,2007
413000,351000,65500,1978
1404000,1693000,308000,1974
1348000,1431000,94400,1985
3043000,2974000,137000,1978
827000,815000,235000,1997
869000,749000,116000,1910
1331000,1008355,697000,1991
828000,780000,199000,1998
3800000,3746000,321000,1981
3404000,3408000,2239000,2013
1760000,1585000,194000,1979
2807800,2867000,354000,1962
703000,755000,132000,1984
2e+06,1840000,66100,1970
1069000,1028000,263000,2007
1943000,2040000,481000,2002
965000,1031000,288000,2020
529000,547000,92200,1984
1754000,1680000,204000,1987
1316000,1228000,44500,1912
324000,254000,79200,1999
453000,460000,262000,2018
171000,229000,146000,1999
493000,471000,151000,2011
428000,453000,217000,2004
463000,474000,180000,2006
519000,527000,79100,1985
2023000,1976000,90500,1970
3899000,3746000,628000,1985
3108383,2785000,130000,1908
1830000,1733000,165000,1910
533000,614000,277000,2018
1994000,1924000,526000,2000
683000,691000,402000,1998
742000,718000,167000,1990
731000,728000,214000,1979
1646000,1342000,26500,1952
744000,709000,266000,2007
341000,329000,151000,2002
961000,865000,167000,1982
1205000,1365000,539000,2016
1514000,1381000,126000,1908
3150000,2925000,11700,1925
2420000,2086000,19700,1925
434000,390000,177000,2006
9607000,10710000,56900,1926
2600000,2490000,626000,1913
2049000,1817000,81100,1987
5272000,5146000,1290000,1995
1433000,1742000,173000,1987
4118000,3955000,318000,1930
163842,150000,119000,1995
420000,420000,190000,2017
482000,434000,43600,1974
1382000,1136000,19300,1934
925000,1066000,570000,2013
323000,335000,157000,2005
2605000,2494000,9600,1923
394000,503000,210000,2015
511000,453000,79500,1912
1285000,1380000,522000,1998
6e+05,675000,191000,1974
1804000,1823000,67500,1965
1971000,1980000,403000,1978
3712000,4283000,1860000,2018
495000,434000,151000,1994
408000,4e+05,226000,2005
1647000,1412000,407000,2004
1189000,1323000,464000,2001
370000,438000,33900,1974
1947000,1968000,1340000,2018
1924000,1813000,195000,1984
1921000,1790000,287000,1995
1013000,932000,162000,2002
2178000,2315000,44100,1924
271000,305000,76000,1989
1769000,1754000,39100,1940
979000,945000,230000,2017
469000,450000,155000,2006
5373000,4893000,936000,1913
457000,444000,248000,2017
1661000,1724000,196000,1986
638000,607000,223000,2007
4008000,3814000,611000,1988
541000,516000,294000,2013
3235000,3128000,1734000,2010
2851000,3165000,396000,1987
1642000,1588000,107000,1973
343000,320000,190000,1998
491000,551000,323000,2018
1669000,1469000,290000,1992
479000,511000,196000,2009
730000,737000,194000,2018
350000,349000,166000,2004
335000,343000,123000,2010
741000,685000,189000,1991
901000,914000,340000,2005
1351000,1196000,132000,1972
463000,474000,248000,2017
1651000,1732000,188000,1986
343000,348000,195000,2013
678000,666000,205000,2005
1400000,1550000,93800,1974
462000,484000,180000,2002
1631000,1718000,905000,2012
457000,494000,267000,2009
1095000,1054000,376000,2004
532000,507000,203000,2003
2532000,2550000,414000,1999
445000,402000,216000,1989
789000,792000,418000,2007
1002000,905000,312000,2009
2069000,2075000,260000,1992
330000,330000,48500,1982
753000,2914000,14000,1950
1535000,1272000,118000,1984
1057000,1230000,58400,1948
653000,612000,185000,2002
1863000,1818000,967000,2016
1628000,1620000,75500,1970
1463000,1513000,464000,2018
1799000,1745000,496000,1902
2189000,2415000,23400,1929
1023000,1021000,75800,1978
767000,767000,313000,2019
482000,490000,205000,2006
546000,627000,201000,2006
1033000,1085000,739000,2011
454000,431000,108000,1977
2393000,2409000,291000,1937
603000,594000,202000,2007
3177000,3062000,71200,1932
3358000,3598000,39800,1938
1620000,1520000,56000,1913
657000,668000,372000,1993
3276000,3096000,541000,1997
1609000,1635000,486000,2009
1844000,1769000,410000,2005
1310000,1165000,44600,1942
633000,581000,96900,1977
1787000,1846000,286000,1924
383000,409000,193000,2000
444000,447000,186000,2000
760000,778000,437000,1995
921000,877000,379000,1997
918000,973000,443000,1997
1989000,2086000,226000,1953
367000,350000,174000,2018
343000,356000,178000,2000
697000,732000,263000,2005
993000,969000,496000,1912
439000,481000,158000,1999
976000,1115000,337000,1912
1473000,1384000,123000,1912
695000,746000,377000,1986
1669000,1424000,419000,1995
4889000,5429000,6800,1928
426000,445000,173000,2006
624000,599000,166000,2007
922000,817000,479000,1989
261000,235000,141000,1994
432000,377000,192000,1993
2468000,2400000,56500,1949
2187000,1822000,769000,2003
2225000,2471000,840000,2016
957000,1090000,61900,1956
937000,928000,165000,1989
499000,511000,259000,2008
630000,574000,65100,1975
1334000,1358000,395000,2003
561000,605000,289000,2006
1302000,1424000,417000,2008
357000,306000,245000,1999
662000,689000,138000,1995
1382000,1467000,103000,1910
1200000,1304000,120000,1978
554000,591000,222000,2021
1365000,1385000,55900,1973
2263000,2257000,293000,1927
359000,379000,188000,2015
596000,608000,117000,1998
355000,331000,144000,2018
1156000,1036000,222000,1998
6720000,8866000,13970000,2021
583000,589000,176000,2021
516000,560000,136000,2000
2435000,2453000,66000,1928
922000,881000,379000,2005
9088000,9088000,6874000,1976
511000,482000,289000,1998
1506000,1399000,77500,1946
517000,516000,205000,2005
481000,476000,151000,2014
977000,1036000,571000,2018
5911000,5452000,2036000,1995
390000,380000,170000,2010
662000,707000,207000,2009
369000,347000,61400,1986
701000,637000,224000,1998
617000,571000,262000,2004
769000,692000,287000,1983
1097000,974000,192000,2018
559000,560000,314000,2008
